{"cameraMode":{"drawMode":0,"name":"Shaded","section":"Shading Mode"},"sceneLighting":true,"audioPlay":false,"sceneViewState":{"showFog":true,"showMaterialUpdate":false,"showSkybox":true,"showFlares":true,"showImageEffects":true,"showParticleSystems":true},"in2DMode":false,"pivot":{"x":3.5284042358398439,"y":-3.483790397644043,"z":2.086980104446411},"rotation":{"x":0.15908825397491456,"y":0.27641919255256655,"z":-0.04645378887653351,"w":0.946639358997345},"size":19.422584533691408,"orthographic":false}