{"cameraMode":{"drawMode":0,"name":"Shaded","section":"Shading Mode"},"sceneLighting":false,"audioPlay":false,"sceneViewState":{"showFog":true,"showMaterialUpdate":false,"showSkybox":false,"showFlares":true,"showImageEffects":true,"showParticleSystems":true},"in2DMode":false,"pivot":{"x":6.298421382904053,"y":-2.3733341693878176,"z":-3.4591879844665529},"rotation":{"x":-0.19811981916427613,"y":0.6779000163078308,"z":-0.19748419523239137,"w":-0.679928719997406},"size":0.612630307674408,"orthographic":false}