{"cameraMode":{"drawMode":0,"name":"Shaded","section":"Shading Mode"},"sceneLighting":true,"audioPlay":false,"sceneViewState":{"showFog":true,"showMaterialUpdate":false,"showSkybox":true,"showFlares":true,"showImageEffects":true,"showParticleSystems":true},"in2DMode":false,"pivot":{"x":13.593732833862305,"y":-15.024635314941407,"z":12.96960735321045},"rotation":{"x":-0.2976118326187134,"y":-0.3581675887107849,"z":0.1216052919626236,"w":-0.8765627145767212},"size":27.13390350341797,"orthographic":false}