{"cameraMode":{"drawMode":0,"name":"Shaded","section":"Shading Mode"},"sceneLighting":true,"audioPlay":false,"sceneViewState":{"showFog":true,"showMaterialUpdate":false,"showSkybox":true,"showFlares":true,"showImageEffects":true,"showParticleSystems":true},"in2DMode":false,"pivot":{"x":-4.969042778015137,"y":-0.9572214484214783,"z":12.884163856506348},"rotation":{"x":0.07146209478378296,"y":-0.8898009657859802,"z":0.14953924715518952,"w":0.4252493679523468},"size":2.8578836917877199,"orthographic":false}