{"cameraMode":{"drawMode":0,"name":"Shaded","section":"Shading Mode"},"sceneLighting":true,"audioPlay":false,"sceneViewState":{"showFog":true,"showMaterialUpdate":false,"showSkybox":true,"showFlares":true,"showImageEffects":true,"showParticleSystems":true},"in2DMode":false,"pivot":{"x":-23.52106285095215,"y":-21.562292098999025,"z":24.301319122314454},"rotation":{"x":-0.3211105167865753,"y":0.27221348881721499,"z":-0.09686257690191269,"w":-0.9019814729690552},"size":39.7768669128418,"orthographic":false}